[
  {
    "title": "Bolsa térmica BALIGO 6.4 L",
    "category": "Accesorios de cocina",
    "image": "https://m.media-amazon.com/images/I/91WHo0M27xL._AC_SL1500_.jpg",
    "link": "https://www.amazon.es/dp/B0BJV3WC3W?tag=reznero-21"
  },
  {
    "title": "Organizador fregadero ViWaVee",
    "category": "Organización de cocina",
    "image": "https://m.media-amazon.com/images/I/81HK8ozdMJL._AC_SL1500_.jpg",
    "link": "https://www.amazon.es/dp/B0D1KJKV1H?tag=reznero-21"
  },
  {
    "title": "Soporte ollas ajustable Toplife",
    "category": "Organización de cocina",
    "image": "https://m.media-amazon.com/images/I/81+U6T-ELQS._AC_SL1500_.jpg",
    "link": "https://www.amazon.es/dp/B096VKV4XD?tag=reznero-21"
  },
  {
    "title": "Escurreplatos plegable ViWaVee",
    "category": "Organización de cocina",
    "image": "https://m.media-amazon.com/images/I/71CikybQrfL._AC_SL1500_.jpg",
    "link": "https://www.amazon.es/dp/B0BY36S871?tag=reznero-21"
  },
  {
    "title": "Dispensador rollos Leifheit Parat",
    "category": "Organización de cocina",
    "image": "https://m.media-amazon.com/images/I/61BKCE1r5DL._AC_SL1500_.jpg",
    "link": "https://www.amazon.es/dp/B001HHACHG?tag=reznero-21"
  },
  {
    "title": "Organizadores despensa apilables Heyuzb",
    "category": "Organización de cocina",
    "image": "https://m.media-amazon.com/images/I/716lFSFMupL._AC_SL1500_.jpg",
    "link": "https://www.amazon.es/dp/B0CQWXNL8C?tag=reznero-21"
  },
  {
    "title": "Clips de sellado IKOPFLN",
    "category": "Accesorios de cocina",
    "image": "https://m.media-amazon.com/images/I/51BAerxEoIL._AC_SL1100_.jpg",
    "link": "https://www.amazon.es/dp/B0DT4CRBLJ?tag=reznero-21"
  },
  {
    "title": "Pelador eléctrico Goods & Gadgets",
    "category": "Pequeños electrodomésticos",
    "image": "https://m.media-amazon.com/images/I/61ODK7uIJSL._AC_SL1500_.jpg",
    "link": "https://www.amazon.es/dp/B01IN37K3K?tag=reznero-21"
  },
  {
    "title": "Organizador extraíble WIMEORS",
    "category": "Organización de cocina",
    "image": "https://m.media-amazon.com/images/I/71vxT3pxKlL._AC_SL1500_.jpg",
    "link": "https://www.amazon.es/dp/B0CXXFFLYN?tag=reznero-21"
  },
  {
    "title": "Freidora sin aceite Cecotec Cecofry Bombastik 6000",
    "category": "Pequeños electrodomésticos",
    "image": "https://m.media-amazon.com/images/I/61UgmGTZ6OL._AC_SL1500_.jpg",
    "link": "https://www.amazon.es/dp/B0BPYVNW3L?tag=reznero-21"
  },
  {
    "title": "Tarro pepinillos WhiteRhino 1 000 ml",
    "category": "Utensilios de cocina",
    "image": "https://m.media-amazon.com/images/I/61eiCwwz0OL._AC_SL1500_.jpg",
    "link": "https://www.amazon.es/dp/B09XV6YCN2?tag=reznero-21"
  },
  {
    "title": "Set de cuencos mezcladores Hunnycook (5 uds)",
    "category": "Utensilios de cocina",
    "image": "https://m.media-amazon.com/images/I/71-HFX2uPXL._AC_SL1500_.jpg",
    "link": "https://www.amazon.es/dp/B0DGGW276N?tag=reznero-21"
  },
  {
    "title": "Egguins Peleg Design (hervidor + almacenaje 3 en 1)",
    "category": "Utensilios de cocina",
    "image": "https://m.media-amazon.com/images/I/71j9kn9-cEL._AC_SL1500_.jpg",
    "link": "https://www.amazon.es/dp/B07WD8MF7W?tag=reznero-21"
  },
  {
    "title": "Moldes paletas Lékué (4 uds)",
    "category": "Utensilios de cocina",
    "image": "https://m.media-amazon.com/images/I/91mQ13s6YIL._AC_SL1500_.jpg",
    "link": "https://www.amazon.es/dp/B01EHQ7FT6?tag=reznero-21"
  },
  {
    "title": "Estantería especias CZKDTT sin taladro (35 cm)",
    "category": "Organización de cocina",
    "image": "https://m.media-amazon.com/images/I/71fpuBSfRHL._AC_SL1500_.jpg",
    "link": "https://www.amazon.es/dp/B0BRCFMKYD?tag=reznero-21"
  },
  {
    "title": "Pulverizador aceite Sweet View (470 ml)",
    "category": "Accesorios de cocina",
    "image": "https://m.media-amazon.com/images/I/71KDqUsrKGL._AC_SL1500_.jpg",
    "link": "https://www.amazon.es/dp/B0D25YFS8F?tag=reznero-21"
  },
  {
    "title": "Cortador cebolla XYTAHDM",
    "category": "Herramientas de cocina",
    "image": "https://m.media-amazon.com/images/I/61zUC0tGtKL._AC_SL1100_.jpg",
    "link": "https://www.amazon.es/dp/B0DZ27KD2C?tag=reznero-21"
  },
  {
    "title": "Caja adhesiva EigPluy (2 uds)",
    "category": "Organización de cocina",
    "image": "https://m.media-amazon.com/images/I/61V0WBCFO5L._AC_SL1013_.jpg",
    "link": "https://www.amazon.es/dp/B0CZ9BVF5T?tag=reznero-21"
  },
  {
    "title": "Moldes helado Freeze-N-Sip Marigold",
    "category": "Utensilios de cocina",
    "image": "https://m.media-amazon.com/images/I/61lx4YFUj1L._AC_SL1500_.jpg",
    "link": "https://www.amazon.es/dp/B0CY1Z8QWD?tag=reznero-21"
  },
  {
    "title": "Cortadora plátano multifuncional",
    "category": "Herramientas de cocina",
    "image": "https://m.media-amazon.com/images/I/61M7ZCB39KL._AC_SL1500_.jpg",
    "link": "https://www.amazon.es/dp/B0DBGX2RD4?tag=reznero-21"
  },
  {
    "title": "Fullstar Mandolina & Picadora (6 en 1)",
    "category": "Utensilios de cocina",
    "image": "https://m.media-amazon.com/images/I/81DjwnE9XkL._AC_SL1500_.jpg",
    "link": "https://www.amazon.es/dp/B0BHSXFTGH?tag=reznero-21"
  },
  {
    "title": "Centrifugadora manual frutas (colador integrado)",
    "category": "Utensilios de cocina",
    "image": "https://m.media-amazon.com/images/I/61QjGlpU8PL._AC_SL1100_.jpg",
    "link": "https://www.amazon.es/dp/B0DY7L8N6R?tag=reznero-21"
  },
  {
    "title": "Tabla bambú extra large BAMOTTO (30×21 \")",
    "category": "Menaje de cocina",
    "image": "https://m.media-amazon.com/images/I/71I4hnt10QL._AC_SL1500_.jpg",
    "link": "https://www.amazon.es/dp/B0C4BBJPHQ?tag=reznero-21"
  },
  {
    "title": "Set cuencos inox Navaris (1.4 L, 2.8 L, 4.7 L)",
    "category": "Utensilios de cocina",
    "image": "https://m.media-amazon.com/images/I/71tUla7V-QL._AC_SL1500_.jpg",
    "link": "https://www.amazon.es/dp/B081GWNH5Y?tag=reznero-21"
  }
]
