[
  {
    "link": "https://www.amazon.co.uk/dp/B0BPYVNW3L?tag=reznero-21",
    "image": "https://m.media-amazon.com/images/I/61UgmGTZ6OL._AC_SL1500_.jpg",
    "title": "Air Fryer Cecotec Cecofry Bombastik 6000",
    "category": "Small Appliances"
  },
  {
    "link": "https://www.amazon.co.uk/dp/B09XV6YCN2?tag=reznero-21",
    "image": "https://m.media-amazon.com/images/I/61eiCwwz0OL._AC_SL1500_.jpg",
    "title": "Pickle Jar WhiteRhino",
    "category": "Kitchen Utensils"
  },
  {
    "link": "https://www.amazon.co.uk/dp/B0DGGW276N?tag=reznero-21",
    "image": "https://m.media-amazon.com/images/I/71-HFX2uPXL._AC_SL1500_.jpg",
    "title": "Mixing Bowl Set Hunnycook",
    "category": "Kitchen Utensils"
  },
  {
    "link": "https://www.amazon.co.uk/dp/B07WD8MF7W?tag=reznero-21",
    "image": "https://m.media-amazon.com/images/I/71j9kn9-cEL._AC_SL1500_.jpg",
    "title": "Egguins Peleg Design",
    "category": "Kitchen Utensils"
  },
  {
    "link": "https://www.amazon.co.uk/dp/B01EHQ7FT6?tag=reznero-21",
    "image": "https://m.media-amazon.com/images/I/91mQ13s6YIL._AC_SL1500_.jpg",
    "title": "Popsicle Molds Lékué",
    "category": "Kitchen Utensils"
  },
  {
    "link": "https://www.amazon.co.uk/dp/B0BRCFMKYD?tag=reznero-21",
    "image": "https://m.media-amazon.com/images/I/71fpuBSfRHL._AC_SL1500_.jpg",
    "title": "Spice Rack CZKDTT No Drilling",
    "category": "Kitchen Organization"
  },
  {
    "link": "https://www.amazon.co.uk/dp/B0D25YFS8F?tag=reznero-21",
    "image": "https://m.media-amazon.com/images/I/71KDqUsrKGL._AC_SL1500_.jpg",
    "title": "Oil Sprayer Sweet View",
    "category": "Kitchen Accessories"
  },
  {
    "link": "https://www.amazon.co.uk/dp/B0DZ27KD2C?tag=reznero-21",
    "image": "https://m.media-amazon.com/images/I/61zUC0tGtKL._AC_SL1100_.jpg",
    "title": "Onion Cutter XYTAHDM",
    "category": "Kitchen Tools"
  },
  {
    "link": "https://www.amazon.co.uk/dp/B0CZ9BVF5T?tag=reznero-21",
    "image": "https://m.media-amazon.com/images/I/71KDqUsrKGL._AC_SL1500_.jpg",
    "title": "Garlic Press Stainless Steel",
    "category": "Kitchen Tools"
  },
  {
    "link": "https://www.amazon.co.uk/dp/B09WRL5625?tag=reznero-21",
    "image": "https://m.media-amazon.com/images/I/41Y7gqI2XhL._AC_SL1500_.jpg",
    "title": "Recycling Bin",
    "category": "Other"
  }
]
