[
  {
    "link": "https://www.amazon.com/dp/B0F9C53KZQ?tag=reznero-20",
    "image": "https://m.media-amazon.com/images/I/81e-SGJAdRL._AC_SL1500_.jpg",
    "title": "AROMA® 20-Cup Slow Cook Rice Cooker",
    "category": "Home & Kitchen"
  },
  {
    "link": "https://www.amazon.com/dp/B07WWC3T9Q?tag=reznero-20",
    "image": "https://m.media-amazon.com/images/I/61QiepM3ptL._SL1500_.jpg",
    "title": "Jade Roller & Gua Sha, Face Roller",
    "category": "beauty and personal care"
  },
  {
    "link": "https://www.amazon.com/dp/B07FSBY9GV?tag=reznero-20",
    "image": "https://m.media-amazon.com/images/I/71UpQBJSPwL._AC_SL1500_.jpg",
    "title": "GOXAWEE Rotary Tool Kit",
    "category": "diy & tools"
  },
  {
    "link": "https://www.amazon.com/dp/B0C3QZ7SNF?tag=reznero-20",
    "image": "https://m.media-amazon.com/images/I/71Z6zv5GayL._AC_SL1500_.jpg",
    "title": "Cisily Black Sponge Holder for Kitchen Sink",
    "category": "Home & Kitchen"
  },
  {
    "link": "https://www.amazon.com/dp/B0C7W6GW8P?tag=reznero-20",
    "image": "https://m.media-amazon.com/images/I/61KMb6HGVVL._SL1500_.jpg",
    "title": "e.l.f. Squeeze Me Lip Balm",
    "category": "beauty and personal care"
  },
  {
    "link": "https://www.amazon.com/dp/B0969G39FL?tag=reznero-20",
    "image": "https://m.media-amazon.com/images/I/71NvuxJqqPL._AC_SL1500_.jpg",
    "title": "JOREST Connectable Contour Gauge",
    "category": "diy & tools"
  },
  {
    "link": "https://www.amazon.com/dp/B09N4ZKCH6?tag=reznero-20",
    "image": "https://m.media-amazon.com/images/I/917BTSQCT6L._AC_SL1500_.jpg",
    "title": "JoyJolt 24pc Borosilicate Glass Storage Containers",
    "category": "Home & Kitchen"
  },
  {
    "link": "https://www.amazon.com/dp/B000VPPUEA?tag=reznero-20",
    "image": "https://m.media-amazon.com/images/I/71m8CQBCiTL._SL1500_.jpg",
    "title": "This Oil Is a Skin Savior",
    "category": "beauty and personal care"
  },
  {
    "link": "https://www.amazon.com/dp/B0BJ2JYPGG?tag=reznero-20",
    "image": "https://m.media-amazon.com/images/I/6126RZXQJ7L._AC_SL1500_.jpg",
    "title": "Paint Sprayer, 700W HVLP Spray Gun",
    "category": "diy & tools"
  },
  {
    "link": "https://www.amazon.com/dp/B0C2Y3T5LN?tag=reznero-20",
    "image": "https://m.media-amazon.com/images/I/81NRhd43iAL._AC_SL1500_.jpg",
    "title": "StepRite Kitchen Mats",
    "category": "Home & Kitchen"
  },
  {
    "link": "https://www.amazon.com/dp/B0787GLBMV?tag=reznero-20",
    "image": "https://m.media-amazon.com/images/I/71x8eJYN4JL._SL1500_.jpg",
    "title": "Schick Hydro Silk Touch-Up",
    "category": "beauty and personal care"
  },
  {
    "link": "https://www.amazon.com/dp/B01HRCU3SW?tag=reznero-20",
    "image": "https://m.media-amazon.com/images/I/81snqxTddwL._AC_SL1500_.jpg",
    "title": "RAK Magnetic Wristband",
    "category": "diy & tools"
  }
]